id,name,email
1,JohnSmith,john.smith@example.com
2,SarahJohnson,sarah.johnson@example.com
3,Michael Davis,michael.davis@example.com
4,Jessica Wilson,jessica.wilson@example.com
5,David Anderson,david.anderson@example.com
6,Emily Taylor,emily.taylor@example.com
7,Daniel Clark,daniel.clark@example.com
8,Olivia Martinez,olivia.martinez@example.com
9,James Rodriguez,james.rodriguez@example.com
10,Sophia Lee,sophia.lee@example.com
11,Ethan Wright,ethan.wright@example.com
12,Ava Harris,ava.harris@example.com
13,Benjamin King,benjamin.king@example.com
14,Mia Green,mia.green@example.com
15,Alexander Adams,alexander.adams@example.com
16,Charlotte Baker,charlotte.baker@example.com
17,William Lewis,william.lewis@example.com
18,Sofia Turner,sofia.turner@example.com
19,Joseph Hall,joseph.hall@example.com
20,Harper Young,harper.young@example.com
21,Henry Hernandez,henry.hernandez@example.com
22,Amelia White,amelia.white@example.com
23,Michael Johnson,michael.johnson@example.com
24,Emma Thomas,emma.thomas@example.com
25,Liam Harris,liam.harris@example.com
26,Abigail Scott,abigail.scott@example.com
27,Noah Allen,noah.allen@example.com
28,Elizabeth Green,elizabeth.green@example.com
29,James Martin,james.martin@example.com
30,Grace Adams,grace.adams@example.com
31,Christopher Walker,christopher.walker@example.com
32,Chloe Turner,chloe.turner@example.com
33,Daniel Harris,daniel.harris@example.com
34,Sophia Clark,sophia.clark@example.com
35,William Martinez,william.martinez@example.com
36,Ava Anderson,ava.anderson@example.com
37,Oliver Davis,oliver.davis@example.com
38,Emily Johnson,emily.johnson@example.com
39,Mason Taylor,mason.taylor@example.com
40,Sophia Wilson,sophia.wilson@example.com
41,Alexander Moore,alexander.moore@example.com
42,Grace Walker,grace.walker@example.com
43,Michael Thompson,michael.thompson@example.com
44,Lily Lewis,lily.lewis@example.com
45,Benjamin Wright,benjamin.wright@example.com
46,Emma Green,emma.green@example.com
47,Noah King,noah.king@example.com
48,Mia Turner,mia.turner@example.com
49,Ethan Hall,ethan.hall@example.com
50,Olivia Harris,olivia.harris@example.com
51,Liam Adams,liam.adams@example.com
52,Ava Young,ava.young@example.com
53,Charlotte Hernandez,charlotte.hernandez@example.com
54,William White,william.white@example.com
55,Sofia Johnson,sofia.johnson@example.com
56,Joseph Davis,joseph.davis@example.com
57,Emily Wilson,emily.wilson@example.com
58,James Anderson,james.anderson@example.com
59,Mia Taylor,mia.taylor@example.com
60,Alexander Clark,alexander.clark@example.com
61,Grace Martinez,grace.martinez@example.com
62,Daniel Rodriguez,daniel.rodriguez@example.com
63,Amelia Lee,amelia.lee@example.com
64,Oliver Moore,oliver.moore@example.com
65,Chloe Adams,chloe.adams@example.com
66,William Green,william.green@example.com
67,Sophia King,sophia.king@example.com
68,Ava Turner,ava.turner@example.com
69,Oliver Hall,oliver.hall@example.com
70,Emma Harris,emma.harris@example.com
71,Noah Adams,noah.adams@example.com
72,Mia Scott,mia.scott@example.com
73,Liam Thompson,liam.thompson@example.com
74,Grace Lewis,grace.lewis@example.com
75,Alexander Wright,alexander.wright@example.com
76,Emily Moore,emily.moore@example.com
77,James Hernandez,james.hernandez@example.com
78,Charlotte White,charlotte.white@example.com
79,Joseph Johnson,joseph.johnson@example.com
80,Sofia Davis,sofia.davis@example.com
81,William Martinez,william.martinez@example.com
82,Sophia Rodriguez,sophia.rodriguez@example.com
83,Daniel Lee,daniel.lee@example.com
84,Amelia Green,amelia.green@example.com
85,Oliver Turner,oliver.turner@example.com
86,Emma Hall,emma.hall@example.com
87,Mia Harris,mia.harris@example.com
88,Noah Adams,noah.adams@example.com
89,Grace Scott,grace.scott@example.com
90,Alexander Thompson,alexander.thompson@example.com
91,Emily Lewis,emily.lewis@example.com
92,James Wright,james.wright@example.com
93,Charlotte Moore,charlotte.moore@example.com
94,Joseph Hernandez,joseph.hernandez@example.com
95,Sofia White,sofia.white@example.com
96,William Johnson,william.johnson@example.com
97,Sophia Davis,sophia.davis@example.com
98,Daniel Martinez,daniel.martinez@example.com
99,Amelia Rodriguez,amelia.rodriguez@example.com
100,Oliver Lee,oliver.lee@example.com
101,Samantha Baker,samantha.baker@example.com
102,Andrew Wright,andrew.wright@example.com
103,Natalie Harris,natalie.harris@example.com
104,Elijah Anderson,elijah.anderson@example.com
105,Avery Thompson,avery.thompson@example.com
106,Grace Wilson,grace.wilson@example.com
107,Logan Martinez,logan.martinez@example.com
108,Victoria Turner,victoria.turner@example.com
109,Joshua Lewis,joshua.lewis@example.com
110,Audrey Clark,audrey.clark@example.com
111,Josephine Davis,josephine.davis@example.com
112,Isaac Johnson,isaac.johnson@example.com
113,Sophie Moore,sophie.moore@example.com
114,Julian Hernandez,julian.hernandez@example.com
115,Addison White,addison.white@example.com
116,Henry Adams,henry.adams@example.com
117,Ella Scott,ella.scott@example.com
118,Anthony Young,anthony.young@example.com
119,Stella King,stella.king@example.com
120,Thomas Turner,thomas.turner@example.com
121,Scarlett Hall,scarlett.hall@example.com
122,Evan Harris,evan.harris@example.com
123,Leah Moore,leah.moore@example.com
124,Christopher Thompson,christopher.thompson@example.com
125,Lucy Lewis,lucy.lewis@example.com
126,Owen Wright,owen.wright@example.com
127,Lily Johnson,lily.johnson@example.com
128,Isaiah Davis,isaiah.davis@example.com
129,Hannah Anderson,hannah.anderson@example.com
130,Lincoln Martinez,lincoln.martinez@example.com
131,Bella Turner,bella.turner@example.com
132,Nathan Lewis,nathan.lewis@example.com
133,Zoe Clark,zoe.clark@example.com
134,Jonathan Adams,jonathan.adams@example.com
135,Elizabeth Scott,elizabeth.scott@example.com
136,Eli Young,eli.young@example.com
137,Aria King,aria.king@example.com
138,Caleb Turner,caleb.turner@example.com
139,Maya Hall,maya.hall@example.com
140,Gabriel Harris,gabriel.harris@example.com
141,Audrey Moore,audrey.moore@example.com
142,Aiden Hernandez,aiden.hernandez@example.com
143,Sophie White,sophie.white@example.com
144,Jack Adams,jack.adams@example.com
145,Ella Thompson,ella.thompson@example.com
146,Oscar Lewis,oscar.lewis@example.com
147,Lily Wright,lily.wright@example.com
148,Andrew Davis,andrew.davis@example.com
149,Ava Anderson,ava.anderson@example.com
150,Lucas Johnson,lucas.johnson@example.com
151,Chloe Clark,chloe.clark@example.com
152,James Wilson,james.wilson@example.com
153,Emily Martinez,emily.martinez@example.com
154,Daniel Turner,daniel.turner@example.com
155,Mia Hall,mia.hall@example.com
156,Noah Harris,noah.harris@example.com
157,Avery Moore,avery.moore@example.com
158,Grace Hernandez,grace.hernandez@example.com
159,David White,david.white@example.com
160,Sofia Adams,sofia.adams@example.com
161,Liam Scott,liam.scott@example.com
162,Ava Young,ava.young@example.com
163,Mason King,mason.king@example.com
164,Emma Turner,emma.turner@example.com
165,Oliver Lewis,oliver.lewis@example.com
166,Isabella Wright,isabella.wright@example.com
167,Michael Davis,michael.davis@example.com
168,Abigail Anderson,abigail.anderson@example.com
169,Noah Johnson,noah.johnson@example.com
170,Elizabeth Clark,elizabeth.clark@example.com
171,William Wilson,william.wilson@example.com
172,Sophia Martinez,sophia.martinez@example.com
173,Daniel Turner,daniel.turner@example.com
174,Amelia Hall,amelia.hall@example.com
175,Oliver Harris,oliver.harris@example.com
176,Mia Moore,mia.moore@example.com
177,Liam Hernandez,liam.hernandez@example.com
178,Emily White,emily.white@example.com
179,James Adams,james.adams@example.com
180,Charlotte Scott,charlotte.scott@example.com
181,Olivia Turner,olivia.turner@example.com
182,Henry Lewis,henry.lewis@example.com
183,Ava Wright,ava.wright@example.com
184,Ethan Davis,ethan.davis@example.com
185,Sophia Anderson,sophia.anderson@example.com
186,Joseph Martinez,joseph.martinez@example.com
187,Emily King,emily.king@example.com
188,William Adams,william.adams@example.com
189,Sofia Scott,sofia.scott@example.com
190,James Wilson,james.wilson@example.com
191,Charlotte Turner,charlotte.turner@example.com
192,Josephine Harris,josephine.harris@example.com
193,Lucas Moore,lucas.moore@example.com
194,Abigail Hernandez,abigail.hernandez@example.com
195,Noah White,noah.white@example.com
196,Grace Clark,grace.clark@example.com
197,Alexander Anderson,alexander.anderson@example.com
198,Chloe Hall,chloe.hall@example.com
199,Daniel Harris,daniel.harris@example.com
200,Olivia Moore,olivia.moore@example.com
201,Liam Hernandez,liam.hernandez@example.com
202,Ava Young,ava.young@example.com
203,Mason King,mason.king@example.com
204,Emma Turner,emma.turner@example.com
205,Oliver Lewis,oliver.lewis@example.com
206,Isabella Wright,isabella.wright@example.com
207,Michael Davis,michael.davis@example.com
208,Abigail Anderson,abigail.anderson@example.com
209,Noah Johnson,noah.johnson@example.com
210,Elizabeth Clark,elizabeth.clark@example.com
211,William Wilson,william.wilson@example.com
212,Sophia Martinez,sophia.martinez@example.com
213,Daniel Turner,daniel.turner@example.com
214,Amelia Hall,amelia.hall@example.com
215,Oliver Harris,oliver.harris@example.com
216,Mia Moore,mia.moore@example.com
217,Liam Hernandez,liam.hernandez@example.com
218,Emily White,emily.white@example.com
219,James Adams,james.adams@example.com
220,Charlotte Scott,charlotte.scott@example.com
221,Olivia Turner,olivia.turner@example.com
222,Henry Lewis,henry.lewis@example.com
223,Ava Wright,ava.wright@example.com
224,Ethan Davis,ethan.davis@example.com
225,Sophia Anderson,sophia.anderson@example.com
226,Joseph Martinez,joseph.martinez@example.com
227,Emily King,emily.king@example.com
228,William Adams,william.adams@example.com
229,Sofia Scott,sofia.scott@example.com
230,James Wilson,james.wilson@example.com
231,Charlotte Turner,charlotte.turner@example.com
232,Josephine Harris,josephine.harris@example.com
233,Lucas Moore,lucas.moore@example.com
234,Abigail Hernandez,abigail.hernandez@example.com
235,Noah White,noah.white@example.com
236,Grace Clark,grace.clark@example.com
237,Alexander Anderson,alexander.anderson@example.com
238,Chloe Hall,chloe.hall@example.com
239,Daniel Harris,daniel.harris@example.com
240,Olivia Moore,olivia.moore@example.com
241,Liam Hernandez,liam.hernandez@example.com
242,Ava Young,ava.young@example.com
243,Mason King,mason.king@example.com
244,Emma Turner,emma.turner@example.com
245,Oliver Lewis,oliver.lewis@example.com
246,Isabella Wright,isabella.wright@example.com
247,Michael Davis,michael.davis@example.com
248,Abigail Anderson,abigail.anderson@example.com
249,Noah Johnson,noah.johnson@example.com
250,Elizabeth Clark,elizabeth.clark@example.com
251,William Wilson,william.wilson@example.com
252,Sophia Martinez,sophia.martinez@example.com
253,Daniel Turner,daniel.turner@example.com
254,Amelia Hall,amelia.hall@example.com
255,Oliver Harris,oliver.harris@example.com
256,Mia Moore,mia.moore@example.com
257,Liam Hernandez,liam.hernandez@example.com
258,Emily White,emily.white@example.com
259,James Adams,james.adams@example.com
260,Charlotte Scott,charlotte.scott@example.com
261,Olivia Turner,olivia.turner@example.com
262,Henry Lewis,henry.lewis@example.com
263,Ava Wright,ava.wright@example.com
264,Ethan Davis,ethan.davis@example.com
265,Sophia Anderson,sophia.anderson@example.com
266,Joseph Martinez,joseph.martinez@example.com
267,Emily King,emily.king@example.com
268,William Adams,william.adams@example.com
269,Sofia Scott,sofia.scott@example.com
270,James Wilson,james.wilson@example.com
271,Charlotte Turner,charlotte.turner@example.com
272,Josephine Harris,josephine.harris@example.com
273,Lucas Moore,lucas.moore@example.com
274,Abigail Hernandez,abigail.hernandez@example.com
275,Noah White,noah.white@example.com
276,Grace Clark,grace.clark@example.com
277,Alexander Anderson,alexander.anderson@example.com
278,Chloe Hall,chloe.hall@example.com
279,Daniel Harris,daniel.harris@example.com
280,Olivia Moore,olivia.moore@example.com
281,Liam Hernandez,liam.hernandez@example.com
282,Ava Young,ava.young@example.com
283,Mason King,mason.king@example.com
284,Emma Turner,emma.turner@example.com
285,Oliver Lewis,oliver.lewis@example.com
286,Isabella Wright,isabella.wright@example.com
287,Michael Davis,michael.davis@example.com
288,Abigail Anderson,abigail.anderson@example.com
289,Noah Johnson,noah.johnson@example.com
290,Elizabeth Clark,elizabeth.clark@example.com
291,William Wilson,william.wilson@example.com
292,Sophia Martinez,sophia.martinez@example.com
293,Daniel Turner,daniel.turner@example.com
294,Amelia Hall,amelia.hall@example.com
295,Oliver Harris,oliver.harris@example.com
296,Mia Moore,mia.moore@example.com
297,Liam Hernandez,liam.hernandez@example.com
298,Emily White,emily.white@example.com
299,James Adams,james.adams@example.com
300,Charlotte Scott,charlotte.scott@example.com
301,Olivia Turner,olivia.turner@example.com
302,Henry Lewis,henry.lewis@example.com
303,Ava Wright,ava.wright@example.com
304,Ethan Davis,ethan.davis@example.com
305,Sophia Anderson,sophia.anderson@example.com
306,Joseph Martinez,joseph.martinez@example.com
307,Emily King,emily.king@example.com
308,William Adams,william.adams@example.com
309,Sofia Scott,sofia.scott@example.com
310,James Wilson,james.wilson@example.com
311,Charlotte Turner,charlotte.turner@example.com
312,Josephine Harris,josephine.harris@example.com
313,Lucas Moore,lucas.moore@example.com
314,Abigail Hernandez,abigail.hernandez@example.com
315,Noah White,noah.white@example.com
316,Grace Clark,grace.clark@example.com
317,Alexander Anderson,alexander.anderson@example.com
318,Chloe Hall,chloe.hall@example.com
319,Daniel Harris,daniel.harris@example.com
320,Olivia Moore,olivia.moore@example.com
321,Liam Hernandez,liam.hernandez@example.com
322,Ava Young,ava.young@example.com
323,Mason King,mason.king@example.com
324,Emma Turner,emma.turner@example.com
325,Oliver Lewis,oliver.lewis@example.com
326,Isabella Wright,isabella.wright@example.com
327,Michael Davis,michael.davis@example.com
328,Abigail Anderson,abigail.anderson@example.com
329,Noah Johnson,noah.johnson@example.com
330,Elizabeth Clark,elizabeth.clark@example.com
331,William Wilson,william.wilson@example.com
332,Sophia Martinez,sophia.martinez@example.com
333,Daniel Turner,daniel.turner@example.com
334,Amelia Hall,amelia.hall@example.com
335,Oliver Harris,oliver.harris@example.com
336,Mia Moore,mia.moore@example.com
337,Liam Hernandez,liam.hernandez@example.com
338,Emily White,emily.white@example.com
339,James Adams,james.adams@example.com
340,Charlotte Scott,charlotte.scott@example.com
341,Olivia Turner,olivia.turner@example.com
342,Henry Lewis,henry.lewis@example.com
343,Ava Wright,ava.wright@example.com
344,Ethan Davis,ethan.davis@example.com
345,Sophia Anderson,sophia.anderson@example.com
346,Joseph Martinez,joseph.martinez@example.com
347,Emily King,emily.king@example.com
348,William Adams,william.adams@example.com
349,Sofia Scott,sofia.scott@example.com
350,James Wilson,james.wilson@example.com
351,Charlotte Turner,charlotte.turner@example.com
352,Josephine Harris,josephine.harris@example.com
353,Lucas Moore,lucas.moore@example.com
354,Abigail Hernandez,abigail.hernandez@example.com
355,Noah White,noah.white@example.com
356,Grace Clark,grace.clark@example.com
357,Alexander Anderson,alexander.anderson@example.com
358,Chloe Hall,chloe.hall@example.com
359,Daniel Harris,daniel.harris@example.com
360,Olivia Moore,olivia.moore@example.com
361,Liam Hernandez,liam.hernandez@example.com
362,Ava Young,ava.young@example.com
363,Mason King,mason.king@example.com
364,Emma Turner,emma.turner@example.com
365,Oliver Lewis,oliver.lewis@example.com
366,Isabella Wright,isabella.wright@example.com
367,Michael Davis,michael.davis@example.com
368,Abigail Anderson,abigail.anderson@example.com
369,Noah Johnson,noah.johnson@example.com
370,Elizabeth Clark,elizabeth.clark@example.com
371,William Wilson,william.wilson@example.com
372,Sophia Martinez,sophia.martinez@example.com
373,Daniel Turner,daniel.turner@example.com
374,Amelia Hall,amelia.hall@example.com
375,Oliver Harris,oliver.harris@example.com
376,Mia Moore,mia.moore@example.com
377,Liam Hernandez,liam.hernandez@example.com
378,Emily White,emily.white@example.com
379,James Adams,james.adams@example.com
380,Charlotte Scott,charlotte.scott@example.com
381,Olivia Turner,olivia.turner@example.com
382,Henry Lewis,henry.lewis@example.com
383,Ava Wright,ava.wright@example.com
384,Ethan Davis,ethan.davis@example.com
385,Sophia Anderson,sophia.anderson@example.com
386,Joseph Martinez,joseph.martinez@example.com
387,Emily King,emily.king@example.com
388,William Adams,william.adams@example.com
389,Sofia Scott,sofia.scott@example.com
390,James Wilson,james.wilson@example.com
391,Charlotte Turner,charlotte.turner@example.com
392,Josephine Harris,josephine.harris@example.com
393,Lucas Moore,lucas.moore@example.com
394,Abigail Hernandez,abigail.hernandez@example.com
395,Noah White,noah.white@example.com
396,Grace Clark,grace.clark@example.com
397,Alexander Anderson,alexander.anderson@example.com
398,Chloe Hall,chloe.hall@example.com
399,Daniel Harris,daniel.harris@example.com
400,Olivia Moore,olivia.moore@example.com
401,Liam Hernandez,liam.hernandez@example.com
402,Ava Young,ava.young@example.com
403,Mason King,mason.king@example.com
404,Emma Turner,emma.turner@example.com
405,Oliver Lewis,oliver.lewis@example.com
406,Isabella Wright,isabella.wright@example.com
407,Michael Davis,michael.davis@example.com
408,Abigail Anderson,abigail.anderson@example.com
409,Noah Johnson,noah.johnson@example.com
410,Elizabeth Clark,elizabeth.clark@example.com
411,William Wilson,william.wilson@example.com
412,Sophia Martinez,sophia.martinez@example.com
413,Daniel Turner,daniel.turner@example.com
414,Amelia Hall,amelia.hall@example.com
415,Oliver Harris,oliver.harris@example.com
416,Mia Moore,mia.moore@example.com
417,Liam Hernandez,liam.hernandez@example.com
418,Emily White,emily.white@example.com
419,James Adams,james.adams@example.com
420,Charlotte Scott,charlotte.scott@example.com
421,Olivia Turner,olivia.turner@example.com
422,Henry Lewis,henry.lewis@example.com
423,Ava Wright,ava.wright@example.com
424,Ethan Davis,ethan.davis@example.com
425,Sophia Anderson,sophia.anderson@example.com
426,Joseph Martinez,joseph.martinez@example.com
427,Emily King,emily.king@example.com
428,William Adams,william.adams@example.com
429,Sofia Scott,sofia.scott@example.com
430,James Wilson,james.wilson@example.com
431,Charlotte Turner,charlotte.turner@example.com
432,Josephine Harris,josephine.harris@example.com
433,Lucas Moore,lucas.moore@example.com
434,Abigail Hernandez,abigail.hernandez@example.com
435,Noah White,noah.white@example.com
436,Grace Clark,grace.clark@example.com
437,Alexander Anderson,alexander.anderson@example.com
438,Chloe Hall,chloe.hall@example.com
439,Daniel Harris,daniel.harris@example.com
440,Olivia Moore,olivia.moore@example.com
441,Liam Hernandez,liam.hernandez@example.com
442,Ava Young,ava.young@example.com
443,Mason King,mason.king@example.com
444,Emma Turner,emma.turner@example.com
445,Oliver Lewis,oliver.lewis@example.com
446,Isabella Wright,isabella.wright@example.com
447,Michael Davis,michael.davis@example.com
448,Abigail Anderson,abigail.anderson@example.com
449,Noah Johnson,noah.johnson@example.com
450,Elizabeth Clark,elizabeth.clark@example.com
451,William Wilson,william.wilson@example.com
452,Sophia Martinez,sophia.martinez@example.com
453,Daniel Turner,daniel.turner@example.com
454,Amelia Hall,amelia.hall@example.com
455,Oliver Harris,oliver.harris@example.com
456,Mia Moore,mia.moore@example.com
457,Liam Hernandez,liam.hernandez@example.com
458,Emily White,emily.white@example.com
459,James Adams,james.adams@example.com
460,Charlotte Scott,charlotte.scott@example.com
461,Olivia Turner,olivia.turner@example.com
462,Henry Lewis,henry.lewis@example.com
463,Ava Wright,ava.wright@example.com
464,Ethan Davis,ethan.davis@example.com
465,Sophia Anderson,sophia.anderson@example.com
466,Joseph Martinez,joseph.martinez@example.com
467,Emily King,emily.king@example.com
468,William Adams,william.adams@example.com
469,Sofia Scott,sofia.scott@example.com
470,James Wilson,james.wilson@example.com
471,Charlotte Turner,charlotte.turner@example.com
472,Josephine Harris,josephine.harris@example.com
473,Lucas Moore,lucas.moore@example.com
474,Abigail Hernandez,abigail.hernandez@example.com
475,Noah White,noah.white@example.com
476,Grace Clark,grace.clark@example.com
477,Alexander Anderson,alexander.anderson@example.com
478,Chloe Hall,chloe.hall@example.com
479,Daniel Harris,daniel.harris@example.com
480,Olivia Moore,olivia.moore@example.com
481,Evelyn Allen,evelyn.allen@example.com
482,Carter Johnson,carter.johnson@example.com
483,Avery Turner,avery.turner@example.com
484,Scarlett Adams,scarlett.adams@example.com
485,Henry Mitchell,henry.mitchell@example.com
486,Audrey Bell,audrey.bell@example.com
487,Owen Wright,owen.wright@example.com
488,Victoria Davis,victoria.davis@example.com
489,Benjamin Scott,benjamin.scott@example.com
490,Sophia Roberts,sophia.roberts@example.com
491,Nathan Reed,nathan.reed@example.com
492,Stella Hughes,stella.hughes@example.com
493,Samuel Cooper,samuel.cooper@example.com
494,Lily Turner,lily.turner@example.com
495,Gabriel Mitchell,gabriel.mitchell@example.com
496,Emily Foster,emily.foster@example.com
497,Aiden Morgan,aiden.morgan@example.com
498,Harper Anderson,harper.anderson@example.com
499,David Parker,david.parker@example.com
500,Luna Hill,luna.hill@example.com
501,Liam Hernandez,liam.hernandez@example.com
502,Ava Young,ava.young@example.com
503,Mason King,mason.king@example.com
504,Emma Turner,emma.turner@example.com
505,Oliver Lewis,oliver.lewis@example.com
506,Isabella Wright,isabella.wright@example.com
507,Michael Davis,michael.davis@example.com
508,Abigail Anderson,abigail.anderson@example.com
509,Noah Johnson,noah.johnson@example.com
510,Elizabeth Clark,elizabeth.clark@example.com
511,William Wilson,william.wilson@example.com
512,Sophia Martinez,sophia.martinez@example.com
513,Daniel Turner,daniel.turner@example.com
514,Amelia Hall,amelia.hall@example.com
515,Oliver Harris,oliver.harris@example.com
516,Mia Moore,mia.moore@example.com
517,Liam Hernandez,liam.hernandez@example.com
518,Emily White,emily.white@example.com
519,James Adams,james.adams@example.com
520,Charlotte Scott,charlotte.scott@example.com
521,Olivia Turner,olivia.turner@example.com
522,Henry Lewis,henry.lewis@example.com
523,Ava Wright,ava.wright@example.com
524,Ethan Davis,ethan.davis@example.com
525,Sophia Anderson,sophia.anderson@example.com
526,Joseph Martinez,joseph.martinez@example.com
527,Emily King,emily.king@example.com
528,William Adams,william.adams@example.com
529,Sofia Scott,sofia.scott@example.com
530,James Wilson,james.wilson@example.com
531,Charlotte Turner,charlotte.turner@example.com
532,Josephine Harris,josephine.harris@example.com
533,Lucas Moore,lucas.moore@example.com
534,Abigail Hernandez,abigail.hernandez@example.com
535,Noah White,noah.white@example.com
536,Grace Clark,grace.clark@example.com
537,Alexander Anderson,alexander.anderson@example.com
538,Chloe Hall,chloe.hall@example.com
539,Daniel Harris,daniel.harris@example.com
540,Olivia Moore,olivia.moore@example.com
541,Liam Hernandez,liam.hernandez@example.com
542,Ava Young,ava.young@example.com
543,Mason King,mason.king@example.com
544,Emma Turner,emma.turner@example.com
545,Oliver Lewis,oliver.lewis@example.com
546,Isabella Wright,isabella.wright@example.com
547,Michael Davis,michael.davis@example.com
548,Abigail Anderson,abigail.anderson@example.com
549,Noah Johnson,noah.johnson@example.com
550,Elizabeth Clark,elizabeth.clark@example.com
551,William Wilson,william.wilson@example.com
552,Sophia Martinez,sophia.martinez@example.com
553,Daniel Turner,daniel.turner@example.com
554,Amelia Hall,amelia.hall@example.com
555,Oliver Harris,oliver.harris@example.com
556,Mia Moore,mia.moore@example.com
557,Liam Hernandez,liam.hernandez@example.com
558,Emily White,emily.white@example.com
559,James Adams,james.adams@example.com
560,Charlotte Scott,charlotte.scott@example.com
561,Olivia Turner,olivia.turn
562,Henry Lewis,henry.lewis@example.com
563,Ava Wright,ava.wright@example.com
564,Ethan Davis,ethan.davis@example.com
565,Sophia Anderson,sophia.anderson@example.com
566,Joseph Martinez,joseph.martinez@example.com
567,Emily King,emily.king@example.com
568,William Adams,william.adams@example.com
569,Sofia Scott,sofia.scott@example.com
570,James Wilson,james.wilson@example.com
571,Charlotte Turner,charlotte.turner@example.com
572,Josephine Harris,josephine.harris@example.com
573,Lucas Moore,lucas.moore@example.com
574,Abigail Hernandez,abigail.hernandez@example.com
575,Noah White,noah.white@example.com
576,Grace Clark,grace.clark@example.com
577,Alexander Anderson,alexander.anderson@example.com
578,Chloe Hall,chloe.hall@example.com
579,Daniel Harris,daniel.harris@example.com
580,Olivia Moore,olivia.moore@example.com
581,Liam Hernandez,liam.hernandez@example.com
582,Ava Young,ava.young@example.com
583,Mason King,mason.king@example.com
584,Emma Turner,emma.turner@example.com
585,Oliver Lewis,oliver.lewis@example.com
586,Isabella Wright,isabella.wright@example.com
587,Michael Davis,michael.davis@example.com
588,Abigail Anderson,abigail.anderson@example.com
589,Noah Johnson,noah.johnson@example.com
590,Elizabeth Clark,elizabeth.clark@example.com
591,William Wilson,william.wilson@example.com
592,Sophia Martinez,sophia.martinez@example.com
593,Daniel Turner,daniel.turner@example.com
594,Amelia Hall,amelia.hall@example.com
595,Oliver Harris,oliver.harris@example.com
596,Mia Moore,mia.moore@example.com
597,Liam Hernandez,liam.hernandez@example.com
598,Emily White,emily.white@example.com
599,James Adams,james.adams@example.com
600,Charlotte Scott,charlotte.scott@example.com
601,Olivia Turner,olivia.turner@example.com
602,Henry Lewis,henry.lewis@example.com
603,Ava Wright,ava.wright@example.com
604,Ethan Davis,ethan.davis@example.com
605,Sophia Anderson,sophia.anderson@example.com
606,Joseph Martinez,joseph.martinez@example.com
607,Emily King,emily.king@example.com
608,William Adams,william.adams@example.com
609,Sofia Scott,sofia.scott@example.com
610,James Wilson,james.wilson@example.com
611,Charlotte Turner,charlotte.turner@example.com
612,Josephine Harris,josephine.harris@example.com
613,Lucas Moore,lucas.moore@example.com
614,Abigail Hernandez,abigail.hernandez@example.com
615,Noah White,noah.white@example.com
616,Grace Clark,grace.clark@example.com
617,Alexander Anderson,alexander.anderson@example.com
618,Chloe Hall,chloe.hall@example.com
619,Daniel Harris,daniel.harris@example.com
620,Olivia Moore,olivia.moore@example.com
621,Liam Hernandez,liam.hernandez@example.com
622,Ava Young,ava.young@example.com
623,Mason King,mason.king@example.com
624,Emma Turner,emma.turner@example.com
625,Oliver Lewis,oliver.lewis@example.com
626,Isabella Wright,isabella.wright@example.com
627,Michael Davis,michael.davis@example.com
628,Abigail Anderson,abigail.anderson@example.com
629,Noah Johnson,noah.johnson@example.com
630,Elizabeth Clark,elizabeth.clark@example.com
631,William Wilson,william.wilson@example.com
632,Sophia Martinez,sophia.martinez@example.com
633,Daniel Turner,daniel.turner@example.com
634,Amelia Hall,amelia.hall@example.com
635,Oliver Harris,oliver.harris@example.com
636,Mia Moore,mia.moore@example.com
637,Liam Hernandez,liam.hernandez@example.com
638,Emily White,emily.white@example.com
639,James Adams,james.adams@example.com
640,Charlotte Scott,charlotte.scott@example.com
641,Olivia Turner,olivia.turner@example.com
642,Henry Lewis,henry.lewis@example.com
643,Ava Wright,ava.wright@example.com
644,Ethan Davis,ethan.davis@example.com
645,Sophia Anderson,sophia.anderson@example.com
646,Joseph Martinez,joseph.martinez@example.com
647,Emily King,emily.king@example.com
648,William Adams,william.adams@example.com
649,Sofia Scott,sofia.scott@example.com
650,James Wilson,james.wilson@example.com
651,Charlotte Turner,charlotte.turner@example.com
652,Josephine Harris,josephine.harris@example.com
653,Lucas Moore,lucas.moore@example.com
654,Abigail Hernandez,abigail.hernandez@example.com
655,Noah White,noah.white@example.com
656,Grace Clark,grace.clark@example.com
657,Alexander Anderson,alexander.anderson@example.com
658,Chloe Hall,chloe.hall@example.com
659,Daniel Harris,daniel.harris@example.com
660,Olivia Moore,olivia.moore@example.com
661,Liam Hernandez,liam.hernandez@example.com
662,Ava Young,ava.young@example.com
663,Mason King,mason.king@example.com
664,Emma Turner,emma.turner@example.com
665,Oliver Lewis,oliver.lewis@example.com
666,Isabella Wright,isabella.wright@example.com
667,Michael Davis,michael.davis@example.com
668,Abigail Anderson,abigail.anderson@example.com
669,Noah Johnson,noah.johnson@example.com
670,Elizabeth Clark,elizabeth.clark@example.com
671,William Wilson,william.wilson@example.com
672,Sophia Martinez,sophia.martinez@example.com
673,Daniel Turner,daniel.turner@example.com
674,Amelia Hall,amelia.hall@example.com
675,Oliver Harris,oliver.harris@example.com
676,Mia Moore,mia.moore@example.com
677,Liam Hernandez,liam.hernandez@example.com
678,Emily White,emily.white@example.com
679,James Adams,james.adams@example.com
680,Charlotte Scott,charlotte.scott@example.com
681,Olivia Turner,olivia.turner@example.com
682,Henry Lewis,henry.lewis@example.com
683,Ava Wright,ava.wright@example.com
684,Ethan Davis,ethan.davis@example.com
685,Sophia Anderson,sophia.anderson@example.com
686,Joseph Martinez,joseph.martinez@example.com
687,Emily King,emily.king@example.com
688,William Adams,william.adams@example.com
689,Sofia Scott,sofia.scott@example.com
690,James Wilson,james.wilson@example.com
691,Charlotte Turner,charlotte.turner@example.com
692,Josephine Harris,josephine.harris@example.com
693,Lucas Moore,lucas.moore@example.com
694,Abigail Hernandez,abigail.hernandez@example.com
695,Noah White,noah.white@example.com
696,Grace Clark,grace.clark@example.com
697,Alexander Anderson,alexander.anderson@example.com
698,Chloe Hall,chloe.hall@example.com
699,Daniel Harris,daniel.harris@example.com
700,Olivia Moore,olivia.moore@example.com
701,Liam Hernandez,liam.hernandez@example.com
702,Ava Young,ava.young@example.com
703,Mason King,mason.king@example.com
704,Emma Turner,emma.turner@example.com
705,Oliver Lewis,oliver.lewis@example.com
706,Isabella Wright,isabella.wright@example.com
707,Michael Davis,michael.davis@example.com
708,Abigail Anderson,abigail.anderson@example.com
709,Noah Johnson,noah.johnson@example.com
710,Elizabeth Clark,elizabeth.clark@example.com
711,William Wilson,william.wilson@example.com
712,Sophia Martinez,sophia.martinez@example.com
713,Daniel Turner,daniel.turner@example.com
714,Amelia Hall,amelia.hall@example.com
715,Oliver Harris,oliver.harris@example.com
716,Mia Moore,mia.moore@example.com
717,Liam Hernandez,liam.hernandez@example.com
718,Emily White,emily.white@example.com
719,James Adams,james.adams@example.com
720,Charlotte Scott,charlotte.scott@example.com
721,Olivia Turner,olivia.turner@example.com
722,Henry Lewis,henry.lewis@example.com
723,Ava Wright,ava.wright@example.com
724,Ethan Davis,ethan.davis@example.com
725,Sophia Anderson,sophia.anderson@example.com
726,Joseph Martinez,joseph.martinez@example.com
727,Emily King,emily.king@example.com
728,William Adams,william.adams@example.com
729,Sofia Scott,sofia.scott@example.com
730,James Wilson,james.wilson@example.com
731,Charlotte Turner,charlotte.turner@example.com
732,Josephine Harris,josephine.harris@example.com
733,Lucas Moore,lucas.moore@example.com
734,Abigail Hernandez,abigail.hernandez@example.com
735,Noah White,noah.white@example.com
736,Grace Clark,grace.clark@example.com
737,Alexander Anderson,alexander.anderson@example.com
738,Chloe Hall,chloe.hall@example.com
739,Daniel Harris,daniel.harris@example.com
740,Olivia Moore,olivia.moore@example.com
741,Liam Hernandez,liam.hernandez@example.com
742,Ava Young,ava.young@example.com
743,Mason King,mason.king@example.com
744,Emma Turner,emma.turner@example.com
745,Oliver Lewis,oliver.lewis@example.com
746,Isabella Wright,isabella.wright@example.com
747,Michael Davis,michael.davis@example.com
748,Abigail Anderson,abigail.anderson@example.com
749,Noah Johnson,noah.johnson@example.com
750,Elizabeth Clark,elizabeth.clark@example.com
751,William Wilson,william.wilson@example.com
752,Sophia Martinez,sophia.martinez@example.com
753,Daniel Turner,daniel.turner@example.com
754,Amelia Hall,amelia.hall@example.com
755,Oliver Harris,oliver.harris@example.com
756,Mia Moore,mia.moore@example.com
757,Liam Hernandez,liam.hernandez@example.com
758,Emily White,emily.white@example.com
759,James Adams,james.adams@example.com
760,Charlotte Scott,charlotte.scott@example.com
761,Olivia Turner,olivia.turner@example.com
762,Henry Lewis,henry.lewis@example.com
763,Ava Wright,ava.wright@example.com
764,Ethan Davis,ethan.davis@example.com
765,Sophia Anderson,sophia.anderson@example.com
766,Joseph Martinez,joseph.martinez@example.com
767,Emily King,emily.king@example.com
768,William Adams,william.adams@example.com
769,Sofia Scott,sofia.scott@example.com
770,James Wilson,james.wilson@example.com
771,Charlotte Turner,charlotte.turner@example.com
772,Josephine Harris,josephine.harris@example.com
773,Lucas Moore,lucas.moore@example.com
774,Abigail Hernandez,abigail.hernandez@example.com
775,Noah White,noah.white@example.com
776,Grace Clark,grace.clark@example.com
777,Alexander Anderson,alexander.anderson@example.com
778,Chloe Hall,chloe.hall@example.com
779,Daniel Harris,daniel.harris@example.com
780,Olivia Moore,olivia.moore@example.com
781,Liam Hernandez,liam.hernandez@example.com
782,Ava Young,ava.young@example.com
783,Mason King,mason.king@example.com
784,Emma Turner,emma.turner@example.com
785,Oliver Lewis,oliver.lewis@example.com
786,Isabella Wright,isabella.wright@example.com
787,Michael Davis,michael.davis@example.com
788,Abigail Anderson,abigail.anderson@example.com
789,Noah Johnson,noah.johnson@example.com
790,Elizabeth Clark,elizabeth.clark@example.com
791,William Wilson,william.wilson@example.com
792,Sophia Martinez,sophia.martinez@example.com
793,Daniel Turner,daniel.turner@example.com
794,Amelia Hall,amelia.hall@example.com
795,Oliver Harris,oliver.harris@example.com
796,Mia Moore,mia.moore@example.com
797,Liam Hernandez,liam.hernandez@example.com
798,Emily White,emily.white@example.com
799,James Adams,james.adams@example.com
800,Charlotte Scott,charlotte.scott@example.com
801,Olivia Turner,olivia.turner@example.com
802,Henry Lewis,henry.lewis@example.com
803,Ava Wright,ava.wright@example.com
804,Ethan Davis,ethan.davis@example.com
805,Sophia Anderson,sophia.anderson@example.com
806,Joseph Martinez,joseph.martinez@example.com
807,Emily King,emily.king@example.com
808,William Adams,william.adams@example.com
809,Sofia Scott,sofia.scott@example.com
810,James Wilson,james.wilson@example.com
811,Charlotte Turner,charlotte.turner@example.com
812,Josephine Harris,josephine.harris@example.com
813,Lucas Moore,lucas.moore@example.com
814,Abigail Hernandez,abigail.hernandez@example.com
815,Noah White,noah.white@example.com
816,Grace Clark,grace.clark@example.com
817,Alexander Anderson,alexander.anderson@example.com
818,Chloe Hall,chloe.hall@example.com
819,Daniel Harris,daniel.harris@example.com
820,Olivia Moore,olivia.moore@example.com
821,Liam Hernandez,liam.hernandez@example.com
822,Ava Young,ava.young@example.com
823,Mason King,mason.king@example.com
824,Emma Turner,emma.turner@example.com
825,Oliver Lewis,oliver.lewis@example.com
826,Isabella Wright,isabella.wright@example.com
827,Michael Davis,michael.davis@example.com
828,Abigail Anderson,abigail.anderson@example.com
829,Noah Johnson,noah.johnson@example.com
830,Elizabeth Clark,elizabeth.clark@example.com
831,William Wilson,william.wilson@example.com
832,Sophia Martinez,sophia.martinez@example.com
833,Daniel Turner,daniel.turner@example.com
834,Amelia Hall,amelia.hall@example.com
835,Oliver Harris,oliver.harris@example.com
836,Mia Moore,mia.moore@example.com
837,Liam Hernandez,liam.hernandez@example.com
838,Emily White,emily.white@example.com
839,James Adams,james.adams@example.com
840,Charlotte Scott,charlotte.scott@example.com
841,Olivia Turner,olivia.turner@example.com
842,Henry Lewis,henry.lewis@example.com
843,Ava Wright,ava.wright@example.com
844,Ethan Davis,ethan.davis@example.com
845,Sophia Anderson,sophia.anderson@example.com
846,Joseph Martinez,joseph.martinez@example.com
847,Emily King,emily.king@example.com
848,William Adams,william.adams@example.com
849,Sofia Scott,sofia.scott@example.com
850,James Wilson,james.wilson@example.com
851,Charlotte Turner,charlotte.turner@example.com
852,Josephine Harris,josephine.harris@example.com
853,Lucas Moore,lucas.moore@example.com
854,Abigail Hernandez,abigail.hernandez@example.com
855,Noah White,noah.white@example.com
856,Grace Clark,grace.clark@example.com
857,Alexander Anderson,alexander.anderson@example.com
858,Chloe Hall,chloe.hall@example.com
859,Daniel Harris,daniel.harris@example.com
860,Olivia Moore,olivia.moore@example.com
861,Liam Hernandez,liam.hernandez@example.com
862,Ava Young,ava.young@example.com
863,Mason King,mason.king@example.com
864,Emma Turner,emma.turner@example.com
865,Oliver Lewis,oliver.lewis@example.com
866,Isabella Wright,isabella.wright@example.com
867,Michael Davis,michael.davis@example.com
868,Abigail Anderson,abigail.anderson@example.com
869,Noah Johnson,noah.johnson@example.com
870,Elizabeth Clark,elizabeth.clark@example.com
871,William Wilson,william.wilson@example.com
872,Sophia Martinez,sophia.martinez@example.com
873,Daniel Turner,daniel.turner@example.com
874,Amelia Hall,amelia.hall@example.com
875,Oliver Harris,oliver.harris@example.com
876,Mia Moore,mia.moore@example.com
877,Liam Hernandez,liam.hernandez@example.com
878,Emily White,emily.white@example.com
879,James Adams,james.adams@example.com
880,Charlotte Scott,charlotte.scott@example.com
881,Olivia Turner,olivia.turner@example.com
882,Henry Lewis,henry.lewis@example.com
883,Ava Wright,ava.wright@example.com
884,Ethan Davis,ethan.davis@example.com
885,Sophia Anderson,sophia.anderson@example.com
886,Joseph Martinez,joseph.martinez@example.com
887,Emily King,emily.king@example.com
888,William Adams,william.adams@example.com
889,Sofia Scott,sofia.scott@example.com
890,James Wilson,james.wilson@example.com
891,Charlotte Turner,charlotte.turner@example.com
892,Josephine Harris,josephine.harris@example.com
893,Lucas Moore,lucas.moore@example.com
894,Abigail Hernandez,abigail.hernandez@example.com
895,Noah White,noah.white@example.com
896,Grace Clark,grace.clark@example.com
897,Alexander Anderson,alexander.anderson@example.com
898,Chloe Hall,chloe.hall@example.com
899,Daniel Harris,daniel.harris@example.com
900,Olivia Moore,olivia.moore@example.com
901,Liam Hernandez,liam.hernandez@example.com
902,Ava Young,ava.young@example.com
903,Mason King,mason.king@example.com
904,Emma Turner,emma.turner@example.com
905,Oliver Lewis,oliver.lewis@example.com
906,Isabella Wright,isabella.wright@example.com
907,Michael Davis,michael.davis@example.com
908,Abigail Anderson,abigail.anderson@example.com
909,Noah Johnson,noah.johnson@example.com
910,Elizabeth Clark,elizabeth.clark@example.com
911,William Wilson,william.wilson@example.com
912,Sophia Martinez,sophia.martinez@example.com
913,Daniel Turner,daniel.turner@example.com
914,Amelia Hall,amelia.hall@example.com
915,Oliver Harris,oliver.harris@example.com
916,Mia Moore,mia.moore@example.com
917,Liam Hernandez,liam.hernandez@example.com
918,Emily White,emily.white@example.com
919,James Adams,james.adams@example.com
920,Charlotte Scott,charlotte.scott@example.com
921,Olivia Turner,olivia.turner@example.com
922,Henry Lewis,henry.lewis@example.com
923,Ava Wright,ava.wright@example.com
924,Ethan Davis,ethan.davis@example.com
925,Sophia Anderson,sophia.anderson@example.com
926,Joseph Martinez,joseph.martinez@example.com
927,Emily King,emily.king@example.com
928,William Adams,william.adams@example.com
929,Sofia Scott,sofia.scott@example.com
930,James Wilson,james.wilson@example.com
931,Charlotte Turner,charlotte.turner@example.com
932,Josephine Harris,josephine.harris@example.com
933,Lucas Moore,lucas.moore@example.com
934,Abigail Hernandez,abigail.hernandez@example.com
935,Noah White,noah.white@example.com
936,Grace Clark,grace.clark@example.com
937,Alexander Anderson,alexander.anderson@example.com
938,Chloe Hall,chloe.hall@example.com
939,Daniel Harris,daniel.harris@example.com
940,Olivia Moore,olivia.moore@example.com
941,Liam Hernandez,liam.hernandez@example.com
942,Ava Young,ava.young@example.com
943,Mason King,mason.king@example.com
944,Emma Turner,emma.turner@example.com
945,Oliver Lewis,oliver.lewis@example.com
946,Isabella Wright,isabella.wright@example.com
947,Michael Davis,michael.davis@example.com
948,Abigail Anderson,abigail.anderson@example.com
949,Noah Johnson,noah.johnson@example.com
950,Elizabeth Clark,elizabeth.clark@example.com
951,William Wilson,william.wilson@example.com
952,Sophia Martinez,sophia.martinez@example.com
953,Daniel Turner,daniel.turner@example.com
954,Amelia Hall,amelia.hall@example.com
955,Oliver Harris,oliver.harris@example.com
956,Mia Moore,mia.moore@example.com
957,Liam Hernandez,liam.hernandez@example.com
958,Emily White,emily.white@example.com
959,James Adams,james.adams@example.com
960,Charlotte Scott,charlotte.scott@example.com
961,Olivia Turner,olivia.turner@example.com
962,Henry Lewis,henry.lewis@example.com
963,Ava Wright,ava.wright@example.com
964,Ethan Davis,ethan.davis@example.com
965,Sophia Anderson,sophia.anderson@example.com
966,Joseph Martinez,joseph.martinez@example.com
967,Emily King,emily.king@example.com
968,William Adams,william.adams@example.com
969,Sofia Scott,sofia.scott@example.com
970,James Wilson,james.wilson@example.com
971,Charlotte Turner,charlotte.turner@example.com
972,Josephine Harris,josephine.harris@example.com
973,Lucas Moore,lucas.moore@example.com
974,Abigail Hernandez,abigail.hernandez@example.com
975,Noah White,noah.white@example.com
976,Grace Clark,grace.clark@example.com
977,Alexander Anderson,alexander.anderson@example.com
978,Chloe Hall,chloe.hall@example.com
979,Daniel Harris,daniel.harris@example.com
980,Olivia Moore,olivia.moore@example.com
981,Liam Hernandez,liam.hernandez@example.com
982,Ava Young,ava.young@example.com
983,Mason King,mason.king@example.com
984,Emma Turner,emma.turner@example.com
985,Oliver Lewis,oliver.lewis@example.com
986,Isabella Wright,isabella.wright@example.com
987,Michael Davis,michael.davis@example.com
988,Abigail Anderson,abigail.anderson@example.com
989,Noah Johnson,noah.johnson@example.com
990,Elizabeth Clark,elizabeth.clark@example.com
991,William Wilson,william.wilson@example.com
992,Sophia Martinez,sophia.martinez@example.com
993,Daniel Turner,daniel.turner@example.com
994,Amelia Hall,amelia.hall@example.com
995,Oliver Harris,oliver.harris@example.com
996,Mia Moore,mia.moore@example.com
997,Liam Hernandez,liam.hernandez@example.com
998,Emily White,emily.white@example.com
999,James Adams,james.adams@example.com
1000,Charlotte Scott,charlotte.scott@example.com
1001,Olivia Turner,olivia.turner@example.com
1002,Henry Lewis,henry.lewis@example.com
1003,Ava Wright,ava.wright@example.com
1004,Ethan Davis,ethan.davis@example.com
1005,Sophia Anderson,sophia.anderson@example.com
1006,Joseph Martinez,joseph.martinez@example.com
1007,Emily King,emily.king@example.com
1008,William Adams,william.adams@example.com
1009,Sofia Scott,sofia.scott@example.com
